"Posted by","Posted by"
"Recent Comments","Recent Comments"
"Posted by","Posted by"
"Posted on","Posted on"
"Comments","Comments"
"Comment","Comment"
"Leave Your Comment","Leave Your Comment"
"Username","Username"
"Your Email","Your Email"
"Required Field","Required Field"
"Submit","Submit"
"Comment by","Comment by"
"Captcha is wrong","Captcha is wrong"
"Post reply this Comment","Post reply this Comment"
"Commented by","Commented by"
"No recent comment","No recent comment"
"There are no posts matching the selection.","There are no posts matching the selection."
"Share this post","Share this post"
"Recent Posts","Recent Posts"
"Related Posts","Related Posts"
"View as","View as"
"Sort By","Sort By"
"Set Ascending Direction","Set Ascending Direction"
"Set Descending Direction","Set Descending Direction"
"Newsfeed","Newsfeed"
"Blog Categories","Blog Categories"
"Tags","Tags"
"Tag Cloud","Tag Cloud"
"View All Tags","View All Tags"
"All Tags","All Tags"